genotype,slope,SE,df,t,p,adj.r2
ZWF,0.6155124402773627,0.038756636743608,31,15.881471974703201,1.9252359163394498e-16,0.8870140885854805
ZZM,0.7705007949620468,0.03855095981722266,30,19.98655282813024,6.877254386738597e-19,0.9278167130465458
ZZF,0.6071837023949425,0.054635499556783214,24,11.113355003991323,6.018326456248203e-11,0.8305161265660291
