response,predictor,df,F_pred,p_pred,F_gen,p_gen,F_int,p_int,slope_ZZF,slope_se_ZZF,slopediff_ZWF,se_ZWF,t_ZWF,p_ZWF,slopediff_ZZM,se_ZZM,t_ZZM,p_ZZM,adj.r2
log(Bite Force),log(temp),83,14.391631549458348,2.8099209508732336e-4,1.8237973219178008,0.16782073647493287,3.261973498941553,0.04327759754497031,5.823768417864963,2.6022855957141857,-5.081277010873365,3.221312500090696,-1.5773933794781791,0.11850900358741952,1.4381063794571523,3.1653820583932837,0.45432316002546647,0.6507821640082003,0.18187612554351207
log(Bite Force),log(IncTemp),73,4.537417173166106,0.036532135632590675,0.22641069784099127,0.7979483788217124,0.21095305658266095,0.810304002579288,2.2342609401667612,1.9158181702289634,-1.4838999526936019,2.470515746271614,-0.6006437946947044,0.5499376056988481,-0.446925562763807,2.3351029185498744,-0.19139437461769476,0.8487479761898338,0.0052561332646210435
