response,predictor,df,F_pred,p_pred,F_gen,p_gen,F_int,p_int,slope_ZZF,slope_se_ZZF,slopediff_ZWF,se_ZWF,t_ZWF,p_ZWF,slopediff_ZZM,se_ZZM,t_ZZM,p_ZZM,adj.r2
log(Bite Force),log(temp),83,14.182726120841442,3.088661516806255e-4,1.7286726401966628,0.18384936880091424,3.4374356071417163,0.03679189601689563,5.4989020536127615,2.4527242314451643,-4.9323103210497266,3.0361737539654103,-1.6245151696630857,0.10805766246513794,1.3717980092275166,2.9834578069330764,0.4598013774619767,0.6468609675403452,0.1815091199490768
log(Bite Force),log(IncTemp),73,4.689189198019036,0.03362094114152162,0.18984408294155136,0.8274951117855196,0.18226872122244947,0.8337554572965624,1.8180849922711315,1.8190309552274346,-1.0492494002657893,2.345705186263993,-0.44730659522347305,0.6559781553809989,0.06268964232357038,2.2171334203268915,0.028275087889987015,0.977519906978628,0.005525894893358085
